{
  "overall": {
    "n_predictions": 90693,
    "n_positives": 1363,
    "n_negatives": 89330,
    "auprc": 0.43698620272990807,
    "auroc": 0.8959837311742532,
    "f1": 0.5195270512361161,
    "macro_f1": 0.756009221186243,
    "micro_f1": 0.2557308722834177,
    "auc_pr": 0.4365014880398968,
    "precision@5": 0.8,
    "coverage@5": 0.8928833455612619,
    "recall@5": 0.8928833455612619,
    "precision@10": 0.7,
    "coverage@10": 0.9603815113719736,
    "recall@10": 0.9603815113719736,
    "precision@20": 0.8,
    "coverage@20": 1.0,
    "recall@20": 1.0,
    "ece": 0.5058330370404338,
    "f1_default_0.5": 0.037199748958749355,
    "precision": 0.5319148936170213
  },
  "per_criterion": {
    "c1": {
      "n_predictions": 10077,
      "n_positives": 333,
      "n_negatives": 9744,
      "auprc": 0.4900847291577531,
      "auroc": 0.8877026657199071,
      "f1": 0.07703213610586011,
      "macro_f1": 0.20438433152598395,
      "micro_f1": 0.22476927657040785,
      "auc_pr": 0.48868633719993043,
      "precision@5": 0.8,
      "coverage@5": 0.9009009009009009,
      "recall@5": 0.9009009009009009,
      "precision@10": 0.9,
      "coverage@10": 0.972972972972973,
      "recall@10": 0.972972972972973,
      "precision@20": 0.9,
      "coverage@20": 1.0,
      "recall@20": 1.0,
      "ece": 0.5066986390584233
    },
    "c2": {
      "n_predictions": 10077,
      "n_positives": 105,
      "n_negatives": 9972,
      "auprc": 0.4165966887635023,
      "auroc": 0.9116421217504249,
      "f1": 0.030138637733574444,
      "macro_f1": 0.277016352451637,
      "micro_f1": 0.3613178525354768,
      "auc_pr": 0.41327953608299156,
      "precision@5": 0.8,
      "coverage@5": 0.9142857142857143,
      "recall@5": 0.9142857142857143,
      "precision@10": 0.6,
      "coverage@10": 0.9714285714285714,
      "recall@10": 0.9714285714285714,
      "precision@20": 0.6,
      "coverage@20": 1.0,
      "recall@20": 1.0,
      "ece": 0.5038446930591178
    },
    "c3": {
      "n_predictions": 10077,
      "n_positives": 47,
      "n_negatives": 10030,
      "auprc": 0.3290526484704488,
      "auroc": 0.8781973229248425,
      "f1": 0.011159330440173589,
      "macro_f1": 0.17573435129833975,
      "micro_f1": 0.20859382752803413,
      "auc_pr": 0.31541123621375006,
      "precision@5": 0.6,
      "coverage@5": 0.8297872340425532,
      "recall@5": 0.8297872340425532,
      "precision@10": 0.7,
      "coverage@10": 0.9148936170212766,
      "recall@10": 0.9148936170212766,
      "precision@20": 0.65,
      "coverage@20": 1.0,
      "recall@20": 1.0,
      "ece": 0.505549611337982
    },
    "c4": {
      "n_predictions": 10077,
      "n_positives": 134,
      "n_negatives": 9943,
      "auprc": 0.371430712817004,
      "auroc": 0.8889299604762069,
      "f1": 0.034487367998930624,
      "macro_f1": 0.23226775091337676,
      "micro_f1": 0.28321921206708345,
      "auc_pr": 0.36566497401119613,
      "precision@5": 0.6,
      "coverage@5": 0.8805970149253731,
      "recall@5": 0.8805970149253731,
      "precision@10": 0.6,
      "coverage@10": 0.9328358208955224,
      "recall@10": 0.9328358208955224,
      "precision@20": 0.7,
      "coverage@20": 1.0,
      "recall@20": 1.0,
      "ece": 0.5047703399164426
    },
    "c5": {
      "n_predictions": 10077,
      "n_positives": 140,
      "n_negatives": 9937,
      "auprc": 0.5477816778228555,
      "auroc": 0.9213132017424057,
      "f1": 0.03666436940041351,
      "macro_f1": 0.24741971086502573,
      "micro_f1": 0.3064404088518408,
      "auc_pr": 0.5452346195780334,
      "precision@5": 0.8,
      "coverage@5": 0.9071428571428571,
      "recall@5": 0.9071428571428571,
      "precision@10": 0.9,
      "coverage@10": 0.9571428571428572,
      "recall@10": 0.9571428571428572,
      "precision@20": 0.8,
      "coverage@20": 1.0,
      "recall@20": 1.0,
      "ece": 0.5037562795381905
    },
    "c6": {
      "n_predictions": 10077,
      "n_positives": 322,
      "n_negatives": 9755,
      "auprc": 0.43595115549650676,
      "auroc": 0.8899751998497346,
      "f1": 0.08018929932956488,
      "macro_f1": 0.2612630564552503,
      "micro_f1": 0.30564652178227647,
      "auc_pr": 0.4348424873928739,
      "precision@5": 1.0,
      "coverage@5": 0.8788819875776398,
      "recall@5": 0.8788819875776398,
      "precision@10": 1.0,
      "coverage@10": 0.9596273291925466,
      "recall@10": 0.9596273291925466,
      "precision@20": 0.7,
      "coverage@20": 1.0,
      "recall@20": 1.0,
      "ece": 0.5048072048302763
    },
    "c7": {
      "n_predictions": 10077,
      "n_positives": 60,
      "n_negatives": 10017,
      "auprc": 0.353193496480303,
      "auroc": 0.8379737779108849,
      "f1": 0.01265377855887522,
      "macro_f1": 0.14368810797295686,
      "micro_f1": 0.1637392080976481,
      "auc_pr": 0.3468813293446542,
      "precision@5": 0.8,
      "coverage@5": 0.8666666666666667,
      "recall@5": 0.8666666666666667,
      "precision@10": 0.8,
      "coverage@10": 0.9,
      "recall@10": 0.9,
      "precision@20": 0.55,
      "coverage@20": 1.0,
      "recall@20": 1.0,
      "ece": 0.5074964483377892
    },
    "c8": {
      "n_predictions": 10077,
      "n_positives": 33,
      "n_negatives": 10044,
      "auprc": 0.11135315809890134,
      "auroc": 0.9020416229197592,
      "f1": 0.006456168667406436,
      "macro_f1": 0.02236684031456446,
      "micro_f1": 0.022625781482584102,
      "auc_pr": 0.10491220833231021,
      "precision@5": 0.4,
      "coverage@5": 0.8787878787878788,
      "recall@5": 0.8787878787878788,
      "precision@10": 0.2,
      "coverage@10": 1.0,
      "recall@10": 1.0,
      "precision@20": 0.15,
      "coverage@20": 1.0,
      "recall@20": 1.0,
      "ece": 0.5129232804956471
    },
    "c9": {
      "n_predictions": 10077,
      "n_positives": 189,
      "n_negatives": 9888,
      "auprc": 0.5629912367410216,
      "auroc": 0.9248102558175374,
      "f1": 0.05851755526657997,
      "macro_f1": 0.3224311815755839,
      "micro_f1": 0.4252257616354074,
      "auc_pr": 0.560691200908282,
      "precision@5": 0.8,
      "coverage@5": 0.9153439153439153,
      "recall@5": 0.9153439153439153,
      "precision@10": 0.9,
      "coverage@10": 0.9788359788359788,
      "recall@10": 0.9788359788359788,
      "precision@20": 0.85,
      "coverage@20": 1.0,
      "recall@20": 1.0,
      "ece": 0.5026508367900351
    }
  },
  "overall_uncalibrated": {
    "n_predictions": 90693,
    "n_positives": 1363,
    "n_negatives": 89330,
    "auprc": 0.43558265484698516,
    "auroc": 0.8957529062650222,
    "f1": 0.037199748958749355,
    "macro_f1": 0.21530542274587838,
    "micro_f1": 0.2557308722834177,
    "auc_pr": 0.43509656849445444,
    "precision@5": 0.6,
    "coverage@5": 0.8928833455612619,
    "recall@5": 0.8928833455612619,
    "precision@10": 0.7,
    "coverage@10": 0.9603815113719736,
    "recall@10": 0.9603815113719736,
    "precision@20": 0.75,
    "coverage@20": 1.0,
    "recall@20": 1.0,
    "ece": 0.5132593583576566
  },
  "calibration_improvement": {
    "ece_before": 0.5132593583576566,
    "ece_after": 0.5058330370404338,
    "improvement": 0.0074263213172227616,
    "improvement_pct": 1.4468944786483267
  },
  "optimal_thresholds": {
    "c1": 0.5664700269699097,
    "c2": 0.5771813988685608,
    "c3": 0.5756024718284607,
    "c4": 0.567257821559906,
    "c5": 0.5883466601371765,
    "c6": 0.5624968409538269,
    "c7": 0.5861983299255371,
    "c8": 0.5813094973564148,
    "c9": 0.5721946954727173
  },
  "optimal_threshold_metrics": {
    "f1_optimal": 0.5195270512361161,
    "macro_f1_optimal": 0.756009221186243,
    "precision_optimal": 0.5319148936170213
  }
}