{
  "overall": {
    "f1_micro": 0.09726923944933423,
    "f1_macro": 0.08864664747017688,
    "auc": 0.5,
    "auprc": 0.09726923944933423,
    "num_samples": 13293
  },
  "per_criterion": {
    "c1": {
      "f1": 0.3634349030470914,
      "auc": 0.5,
      "auprc": 0.22207176709546378,
      "support": 1477
    },
    "c2": {
      "f1": 0.15490318550905685,
      "auc": 0.5,
      "auprc": 0.08395396073121192,
      "support": 1477
    },
    "c3": {
      "f1": 0.057856673241288625,
      "auc": 0.5,
      "auprc": 0.02979011509817197,
      "support": 1477
    },
    "c4": {
      "f1": 0.12919569347688412,
      "auc": 0.5,
      "auprc": 0.06905890318212593,
      "support": 1477
    },
    "c5": {
      "f1": 0.046296296296296294,
      "auc": 0.5,
      "auprc": 0.023696682464454975,
      "support": 1477
    },
    "c6": {
      "f1": 0.15490318550905685,
      "auc": 0.5,
      "auprc": 0.08395396073121192,
      "support": 1477
    },
    "c7": {
      "f1": 0.3478747203579418,
      "auc": 0.5,
      "auprc": 0.2105619498984428,
      "support": 1477
    },
    "c8": {
      "f1": 0.07682291666666667,
      "auc": 0.5,
      "auprc": 0.03994583615436696,
      "support": 1477
    },
    "c9": {
      "f1": 0.202069385270846,
      "auc": 0.5,
      "auprc": 0.11238997968855789,
      "support": 1477
    }
  },
  "classification_report": {
    "negative": {
      "precision": 0.0,
      "recall": 0.0,
      "f1-score": 0.0,
      "support": 12000.0
    },
    "positive": {
      "precision": 0.09726923944933423,
      "recall": 1.0,
      "f1-score": 0.17729329494035376,
      "support": 1293.0
    },
    "accuracy": 0.09726923944933423,
    "macro avg": {
      "precision": 0.048634619724667115,
      "recall": 0.5,
      "f1-score": 0.08864664747017688,
      "support": 13293.0
    },
    "weighted avg": {
      "precision": 0.00946130494305192,
      "recall": 0.09726923944933423,
      "f1-score": 0.017245183958314706,
      "support": 13293.0
    }
  }
}