{
  "overall": {
    "n_predictions": 90693,
    "n_positives": 1363,
    "n_negatives": 89330,
    "auprc": 0.4060555888867638,
    "auroc": 0.9032546234177167,
    "f1": 0.5133726988537687,
    "macro_f1": 0.7527621335698031,
    "micro_f1": 0.3082597333862591,
    "auc_pr": 0.405347142699982,
    "precision@5": 0.8,
    "coverage@5": 0.888481291269259,
    "recall@5": 0.888481291269259,
    "precision@10": 0.7,
    "coverage@10": 0.9523110785033015,
    "recall@10": 0.9523110785033015,
    "precision@20": 0.55,
    "coverage@20": 1.0,
    "recall@20": 1.0,
    "ece": 0.5054125566321683,
    "f1_default_0.5": 0.03997061884066842,
    "precision": 0.5421863536316948
  },
  "per_criterion": {
    "c1": {
      "n_predictions": 10077,
      "n_positives": 333,
      "n_negatives": 9744,
      "auprc": 0.4794420371881965,
      "auroc": 0.8855343952326711,
      "f1": 0.07848443843031123,
      "macro_f1": 0.22776612773906413,
      "micro_f1": 0.25662399523667756,
      "auc_pr": 0.47875067599376375,
      "precision@5": 1.0,
      "coverage@5": 0.8948948948948949,
      "recall@5": 0.8948948948948949,
      "precision@10": 1.0,
      "coverage@10": 0.963963963963964,
      "recall@10": 0.963963963963964,
      "precision@20": 0.95,
      "coverage@20": 1.0,
      "recall@20": 1.0,
      "ece": 0.5068784613948594
    },
    "c2": {
      "n_predictions": 10077,
      "n_positives": 105,
      "n_negatives": 9972,
      "auprc": 0.3801639533757567,
      "auroc": 0.9244895230454797,
      "f1": 0.031323414252153486,
      "macro_f1": 0.291062970834407,
      "micro_f1": 0.3862260593430584,
      "auc_pr": 0.3766782098189968,
      "precision@5": 0.8,
      "coverage@5": 0.9238095238095239,
      "recall@5": 0.9238095238095239,
      "precision@10": 0.7,
      "coverage@10": 0.9619047619047619,
      "recall@10": 0.9619047619047619,
      "precision@20": 0.5,
      "coverage@20": 1.0,
      "recall@20": 1.0,
      "ece": 0.5032433063202911
    },
    "c3": {
      "n_predictions": 10077,
      "n_positives": 47,
      "n_negatives": 10030,
      "auprc": 0.3560690416980032,
      "auroc": 0.9002492522432702,
      "f1": 0.012263396427619302,
      "macro_f1": 0.21329262138801136,
      "micro_f1": 0.2646621018160167,
      "auc_pr": 0.3424646642720584,
      "precision@5": 0.4,
      "coverage@5": 0.8297872340425532,
      "recall@5": 0.8297872340425532,
      "precision@10": 0.7,
      "coverage@10": 0.9361702127659575,
      "recall@10": 0.9361702127659575,
      "precision@20": 0.7,
      "coverage@20": 1.0,
      "recall@20": 1.0,
      "ece": 0.5049999829167658
    },
    "c4": {
      "n_predictions": 10077,
      "n_positives": 134,
      "n_negatives": 9943,
      "auprc": 0.3779851155680064,
      "auroc": 0.894976365282108,
      "f1": 0.03837072018890201,
      "macro_f1": 0.2756511995323341,
      "micro_f1": 0.3533789818398333,
      "auc_pr": 0.3726141630528984,
      "precision@5": 0.8,
      "coverage@5": 0.8955223880597015,
      "recall@5": 0.8955223880597015,
      "precision@10": 0.7,
      "coverage@10": 0.9328358208955224,
      "recall@10": 0.9328358208955224,
      "precision@20": 0.75,
      "coverage@20": 1.0,
      "recall@20": 1.0,
      "ece": 0.5046558606875396
    },
    "c5": {
      "n_predictions": 10077,
      "n_positives": 140,
      "n_negatives": 9937,
      "auprc": 0.4545297930174962,
      "auroc": 0.9123326959847036,
      "f1": 0.046781504986400727,
      "macro_f1": 0.34383613810697183,
      "micro_f1": 0.47831695941252356,
      "auc_pr": 0.4491905261928496,
      "precision@5": 0.8,
      "coverage@5": 0.8785714285714286,
      "recall@5": 0.8785714285714286,
      "precision@10": 0.7,
      "coverage@10": 0.9285714285714286,
      "recall@10": 0.9285714285714286,
      "precision@20": 0.55,
      "coverage@20": 1.0,
      "recall@20": 1.0,
      "ece": 0.5020415668119877
    },
    "c6": {
      "n_predictions": 10077,
      "n_positives": 322,
      "n_negatives": 9755,
      "auprc": 0.4231345610129682,
      "auroc": 0.8867325563256301,
      "f1": 0.08150803132881985,
      "macro_f1": 0.2666473680136691,
      "micro_f1": 0.3133869207105289,
      "auc_pr": 0.4216583511339952,
      "precision@5": 0.8,
      "coverage@5": 0.8664596273291926,
      "recall@5": 0.8664596273291926,
      "precision@10": 0.6,
      "coverage@10": 0.9503105590062112,
      "recall@10": 0.9503105590062112,
      "precision@20": 0.7,
      "coverage@20": 1.0,
      "recall@20": 1.0,
      "ece": 0.5053121768506709
    },
    "c7": {
      "n_predictions": 10077,
      "n_positives": 60,
      "n_negatives": 10017,
      "auprc": 0.29949305084981626,
      "auroc": 0.8574390203321021,
      "f1": 0.014931136568412924,
      "macro_f1": 0.19850311370205065,
      "micro_f1": 0.2405477820779994,
      "auc_pr": 0.294725174954989,
      "precision@5": 0.6,
      "coverage@5": 0.8333333333333334,
      "recall@5": 0.8333333333333334,
      "precision@10": 0.7,
      "coverage@10": 0.9,
      "recall@10": 0.9,
      "precision@20": 0.55,
      "coverage@20": 1.0,
      "recall@20": 1.0,
      "ece": 0.5071149133578338
    },
    "c8": {
      "n_predictions": 10077,
      "n_positives": 33,
      "n_negatives": 10044,
      "auprc": 0.08610132433151471,
      "auroc": 0.9170784910032221,
      "f1": 0.007046764894298526,
      "macro_f1": 0.07248889968852858,
      "micro_f1": 0.07710628163143793,
      "auc_pr": 0.07557062242813645,
      "precision@5": 0.2,
      "coverage@5": 0.9393939393939394,
      "recall@5": 0.9393939393939394,
      "precision@10": 0.2,
      "coverage@10": 1.0,
      "recall@10": 1.0,
      "precision@20": 0.2,
      "coverage@20": 1.0,
      "recall@20": 1.0,
      "ece": 0.5112353698730799
    },
    "c9": {
      "n_predictions": 10077,
      "n_positives": 189,
      "n_negatives": 9888,
      "auprc": 0.5540523181109575,
      "auroc": 0.9445354103525624,
      "f1": 0.05774360583712537,
      "macro_f1": 0.31099936985855253,
      "micro_f1": 0.40408851840825644,
      "auc_pr": 0.5522580413279609,
      "precision@5": 1.0,
      "coverage@5": 0.9206349206349206,
      "recall@5": 0.9206349206349206,
      "precision@10": 0.7,
      "coverage@10": 0.9735449735449735,
      "recall@10": 0.9735449735449735,
      "precision@20": 0.75,
      "coverage@20": 1.0,
      "recall@20": 1.0,
      "ece": 0.5032313714764877
    }
  },
  "overall_uncalibrated": {
    "n_predictions": 90693,
    "n_positives": 1363,
    "n_negatives": 89330,
    "auprc": 0.4197942317063585,
    "auroc": 0.903494474517602,
    "f1": 0.03997061884066842,
    "macro_f1": 0.2496600711363238,
    "micro_f1": 0.3082597333862591,
    "auc_pr": 0.4194591847339618,
    "precision@5": 1.0,
    "coverage@5": 0.888481291269259,
    "recall@5": 0.888481291269259,
    "precision@10": 0.9,
    "coverage@10": 0.9523110785033015,
    "recall@10": 0.9523110785033015,
    "precision@20": 0.85,
    "coverage@20": 1.0,
    "recall@20": 1.0,
    "ece": 0.5122956416283239
  },
  "calibration_improvement": {
    "ece_before": 0.5122956416283239,
    "ece_after": 0.5054125566321683,
    "improvement": 0.006883084996155531,
    "improvement_pct": 1.3435767234477636
  },
  "optimal_thresholds": {
    "c1": 0.5712729096412659,
    "c2": 0.5741852521896362,
    "c3": 0.5821894407272339,
    "c4": 0.5748693346977234,
    "c5": 0.566413164138794,
    "c6": 0.5607118606567383,
    "c7": 0.5806518793106079,
    "c8": 0.5931486487388611,
    "c9": 0.5622353553771973
  },
  "optimal_threshold_metrics": {
    "f1_optimal": 0.5133726988537687,
    "macro_f1_optimal": 0.7527621335698031,
    "precision_optimal": 0.5421863536316948
  }
}