{
  "overall": {
    "n_predictions": 90693,
    "n_positives": 1363,
    "n_negatives": 89330,
    "auprc": 0.4206221138449228,
    "auroc": 0.8922917604841586,
    "f1": 0.5180511742025937,
    "macro_f1": 0.755174758402961,
    "micro_f1": 0.2046574708081109,
    "auc_pr": 0.42020059558833145,
    "precision@5": 0.8,
    "coverage@5": 0.8848129126925899,
    "recall@5": 0.8848129126925899,
    "precision@10": 0.5,
    "coverage@10": 0.954512105649303,
    "recall@10": 0.954512105649303,
    "precision@20": 0.75,
    "coverage@20": 1.0,
    "recall@20": 1.0,
    "ece": 0.5055443114931295,
    "f1_default_0.5": 0.035126675405976616,
    "precision": 0.5421863536316948
  },
  "per_criterion": {
    "c1": {
      "n_predictions": 10077,
      "n_positives": 333,
      "n_negatives": 9744,
      "auprc": 0.47721956840645247,
      "auroc": 0.8842492430854499,
      "f1": 0.07484789346802893,
      "macro_f1": 0.18528726928928843,
      "micro_f1": 0.20025801329760842,
      "auc_pr": 0.4756049162240463,
      "precision@5": 0.8,
      "coverage@5": 0.9039039039039038,
      "recall@5": 0.9039039039039038,
      "precision@10": 0.8,
      "coverage@10": 0.9669669669669669,
      "recall@10": 0.9669669669669669,
      "precision@20": 0.75,
      "coverage@20": 1.0,
      "recall@20": 1.0,
      "ece": 0.5063166537904261
    },
    "c2": {
      "n_predictions": 10077,
      "n_positives": 105,
      "n_negatives": 9972,
      "auprc": 0.39505490334206217,
      "auroc": 0.9199926460756784,
      "f1": 0.027183953549749274,
      "macro_f1": 0.2204940123982843,
      "micro_f1": 0.26843306539644735,
      "auc_pr": 0.38998335994108996,
      "precision@5": 0.4,
      "coverage@5": 0.9333333333333333,
      "recall@5": 0.9333333333333333,
      "precision@10": 0.6,
      "coverage@10": 0.9619047619047619,
      "recall@10": 0.9619047619047619,
      "precision@20": 0.6,
      "coverage@20": 1.0,
      "recall@20": 1.0,
      "ece": 0.5039178749404636
    },
    "c3": {
      "n_predictions": 10077,
      "n_positives": 47,
      "n_negatives": 10030,
      "auprc": 0.35482841001063,
      "auroc": 0.885872170721877,
      "f1": 0.010484050858799911,
      "macro_f1": 0.10874577945156656,
      "micro_f1": 0.11957923985313089,
      "auc_pr": 0.34742460273961784,
      "precision@5": 0.8,
      "coverage@5": 0.851063829787234,
      "recall@5": 0.851063829787234,
      "precision@10": 0.8,
      "coverage@10": 0.9361702127659575,
      "recall@10": 0.9361702127659575,
      "precision@20": 0.65,
      "coverage@20": 1.0,
      "recall@20": 1.0,
      "ece": 0.5059872921927766
    },
    "c4": {
      "n_predictions": 10077,
      "n_positives": 134,
      "n_negatives": 9943,
      "auprc": 0.35652465177813336,
      "auroc": 0.8741622021642765,
      "f1": 0.03197601798651012,
      "macro_f1": 0.1970054604255896,
      "micro_f1": 0.2309219013595316,
      "auc_pr": 0.3526999911676334,
      "precision@5": 0.6,
      "coverage@5": 0.8582089552238806,
      "recall@5": 0.8582089552238806,
      "precision@10": 0.6,
      "coverage@10": 0.9253731343283582,
      "recall@10": 0.9253731343283582,
      "precision@20": 0.6,
      "coverage@20": 1.0,
      "recall@20": 1.0,
      "ece": 0.5047445474333904
    },
    "c5": {
      "n_predictions": 10077,
      "n_positives": 140,
      "n_negatives": 9937,
      "auprc": 0.5325183099409211,
      "auroc": 0.924282263977343,
      "f1": 0.03564303763798377,
      "macro_f1": 0.23088048201645925,
      "micro_f1": 0.2804406073236082,
      "auc_pr": 0.5270258666736304,
      "precision@5": 0.8,
      "coverage@5": 0.8928571428571429,
      "recall@5": 0.8928571428571429,
      "precision@10": 0.9,
      "coverage@10": 0.9571428571428572,
      "recall@10": 0.9571428571428572,
      "precision@20": 0.8,
      "coverage@20": 1.0,
      "recall@20": 1.0,
      "ece": 0.5030004718012193
    },
    "c6": {
      "n_predictions": 10077,
      "n_positives": 322,
      "n_negatives": 9755,
      "auprc": 0.4225661963822197,
      "auroc": 0.8821394347857923,
      "f1": 0.07478658170013226,
      "macro_f1": 0.2123531624391512,
      "micro_f1": 0.23637987496278653,
      "auc_pr": 0.4209104262847086,
      "precision@5": 0.8,
      "coverage@5": 0.8664596273291926,
      "recall@5": 0.8664596273291926,
      "precision@10": 0.8,
      "coverage@10": 0.9596273291925466,
      "recall@10": 0.9596273291925466,
      "precision@20": 0.75,
      "coverage@20": 1.0,
      "recall@20": 1.0,
      "ece": 0.5050193414164521
    },
    "c7": {
      "n_predictions": 10077,
      "n_positives": 60,
      "n_negatives": 10017,
      "auprc": 0.3485540286085422,
      "auroc": 0.8341619247279625,
      "f1": 0.012362637362637362,
      "macro_f1": 0.12835683103024143,
      "micro_f1": 0.1437927954748437,
      "auc_pr": 0.34401190104944346,
      "precision@5": 0.8,
      "coverage@5": 0.8166666666666667,
      "recall@5": 0.8166666666666667,
      "precision@10": 0.7,
      "coverage@10": 0.8833333333333333,
      "recall@10": 0.8833333333333333,
      "precision@20": 0.6,
      "coverage@20": 1.0,
      "recall@20": 1.0,
      "ece": 0.5068527833684588
    },
    "c8": {
      "n_predictions": 10077,
      "n_positives": 33,
      "n_negatives": 10044,
      "auprc": 0.18431786090822835,
      "auroc": 0.9054478476521488,
      "f1": 0.006760909649661954,
      "macro_f1": 0.03686775274630904,
      "micro_f1": 0.037808871688002385,
      "auc_pr": 0.17916538150564065,
      "precision@5": 0.8,
      "coverage@5": 0.8787878787878788,
      "recall@5": 0.8787878787878788,
      "precision@10": 0.5,
      "coverage@10": 1.0,
      "recall@10": 1.0,
      "precision@20": 0.25,
      "coverage@20": 1.0,
      "recall@20": 1.0,
      "ece": 0.510895008192988
    },
    "c9": {
      "n_predictions": 10077,
      "n_positives": 189,
      "n_negatives": 9888,
      "auprc": 0.525920394965593,
      "auroc": 0.9130494340850328,
      "f1": 0.04942063381264833,
      "macro_f1": 0.26264427118236144,
      "micro_f1": 0.32430286791703883,
      "auc_pr": 0.5230370653343106,
      "precision@5": 0.8,
      "coverage@5": 0.8994708994708994,
      "recall@5": 0.8994708994708994,
      "precision@10": 0.7,
      "coverage@10": 0.9576719576719577,
      "recall@10": 0.9576719576719577,
      "precision@20": 0.7,
      "coverage@20": 1.0,
      "recall@20": 1.0,
      "ece": 0.5031648303019903
    }
  },
  "overall_uncalibrated": {
    "n_predictions": 90693,
    "n_positives": 1363,
    "n_negatives": 89330,
    "auprc": 0.41974293703321586,
    "auroc": 0.8920648203685396,
    "f1": 0.035126675405976616,
    "macro_f1": 0.17932197520908427,
    "micro_f1": 0.2046574708081109,
    "auc_pr": 0.41932203723540395,
    "precision@5": 0.8,
    "coverage@5": 0.8848129126925899,
    "recall@5": 0.8848129126925899,
    "precision@10": 0.6,
    "coverage@10": 0.954512105649303,
    "recall@10": 0.954512105649303,
    "precision@20": 0.75,
    "coverage@20": 1.0,
    "recall@20": 1.0,
    "ece": 0.5125908004541329
  },
  "calibration_improvement": {
    "ece_before": 0.5125908004541329,
    "ece_after": 0.5055443114931295,
    "improvement": 0.00704648896100335,
    "improvement_pct": 1.3746811208395608
  },
  "optimal_thresholds": {
    "c1": 0.5678969621658325,
    "c2": 0.580349862575531,
    "c3": 0.5730360150337219,
    "c4": 0.5654929876327515,
    "c5": 0.5791013240814209,
    "c6": 0.5558366775512695,
    "c7": 0.5840163230895996,
    "c8": 0.6135396361351013,
    "c9": 0.5726150870323181
  },
  "optimal_threshold_metrics": {
    "f1_optimal": 0.5180511742025937,
    "macro_f1_optimal": 0.755174758402961,
    "precision_optimal": 0.5421863536316948
  }
}